{
  "__version__": "1.0.1",
  "builder": {},
  "gizmos-infos": {
    "is2D": false,
    "is3DIcon": false,
    "iconSize": 2,
    "gridVisible": true,
    "gridColor": [
      166,
      166,
      166,
      255
    ],
    "transformToolName": "position",
    "pivot": "pivot",
    "coordinate": "local",
    "toolsVisibility3d": true
  },
  "snap-configs": {
    "position": {
      "x": 1,
      "y": 1,
      "z": 1
    },
    "rotation": 1,
    "scale": 1,
    "isPositionSnapEnabled": false,
    "isRotationSnapEnabled": false,
    "isScaleSnapEnabled": false
  },
  "rect-snap-configs": {
    "enableSnapping": true,
    "snapThreshold": 4
  },
  "float-window": {
    "position": {
      "cc": {
        "Camera": {
          "dock": false,
          "top": null,
          "bottom": 10,
          "left": null,
          "right": 10
        }
      }
    }
  },
  "camera-infos": {
    "ff549e2b-5508-45de-a740-0cb352ae3729": {
      "position": {
        "x": 22.857238265516106,
        "y": 22.85723826551609,
        "z": 22.857238265516095
      },
      "rotation": {
        "x": -0.27984814233312133,
        "y": 0.3647051996310009,
        "z": 0.11591689595929512,
        "w": 0.8804762392171493
      },
      "viewCenter": {
        "x": 0,
        "y": 0,
        "z": 0
      },
      "contentRect": {
        "x": 0,
        "y": 0,
        "width": 600,
        "height": 300
      },
      "scale": 1
    },
    "38789555-3c69-44b0-ba79-b54ac6e880e9": {
      "position": {
        "x": 384.74333333333334,
        "y": 256.9233333333333,
        "z": 5000
      },
      "rotation": {
        "x": 0,
        "y": 0,
        "z": 0,
        "w": 1
      },
      "viewCenter": {
        "x": 0,
        "y": 0,
        "z": 0
      },
      "contentRect": {
        "x": 1500,
        "y": 1000.0000000000001,
        "width": 2100,
        "height": 1400
      },
      "scale": 0.7
    },
    "359b9444-0986-4364-bb7a-f92791aaf8e6": {
      "position": {
        "x": 0,
        "y": 37.680727377728104,
        "z": 15
      },
      "rotation": {
        "x": -0.7071067811865475,
        "y": 0,
        "z": 0,
        "w": 0.7071067811865476
      },
      "viewCenter": {
        "x": 0,
        "y": 0,
        "z": 15
      },
      "contentRect": {
        "x": -129,
        "y": -80,
        "width": 0,
        "height": 0
      },
      "scale": 1
    },
    "c9a85e71-484c-4d9b-adc8-4b770e802441": {
      "position": {
        "x": 0,
        "y": 43.99941922729209,
        "z": 7.98
      },
      "rotation": {
        "x": -0.7071067811865475,
        "y": 0,
        "z": 0,
        "w": 0.7071067811865476
      },
      "viewCenter": {
        "x": 0,
        "y": 0,
        "z": 7.98
      },
      "contentRect": {
        "x": -129,
        "y": -80,
        "width": 0,
        "height": 0
      },
      "scale": 1
    }
  },
  "camera-uuids": [
    "ff549e2b-5508-45de-a740-0cb352ae3729",
    "38789555-3c69-44b0-ba79-b54ac6e880e9",
    "359b9444-0986-4364-bb7a-f92791aaf8e6",
    "c9a85e71-484c-4d9b-adc8-4b770e802441"
  ],
  "camera": {
    "color": [
      48,
      48,
      48,
      255
    ],
    "fov": 45,
    "far": 10000,
    "near": 0.01,
    "wheelSpeed": 0.01,
    "wanderSpeed": 10,
    "enableAcceleration": true,
    "size": "__default_design__",
    "far2D": 10000,
    "near2D": 1,
    "wheelSpeed2D": 6,
    "iso": 0,
    "aperture": 19,
    "shutter": 7
  },
  "scene_view": {
    "isSceneLightOn": true,
    "output_device": "__default_design__"
  }
}
